"Status","Start Time","Stop Time","Duration in ms","Parent Suite","Suite","Sub Suite","Test Class","Test Method","Name","Description"
"broken","Tue Apr 20 18:55:07 CST 2021","Tue Apr 20 18:55:07 CST 2021","0","","test_mark","Test_Demo2","","","test_add_02",""
"passed","Tue Apr 20 18:55:08 CST 2021","Tue Apr 20 18:55:08 CST 2021","0","","test_two","","","","test_add[bigint]",""
"passed","Tue Apr 20 18:55:08 CST 2021","Tue Apr 20 18:55:08 CST 2021","0","","test_three","TestCase","","","test_three",""
"passed","Tue Apr 20 18:55:08 CST 2021","Tue Apr 20 18:55:08 CST 2021","0","","test_two","","","","test_add[int]",""
"passed","Tue Apr 20 18:55:07 CST 2021","Tue Apr 20 18:55:07 CST 2021","0","","test_mark","Test_Demo2","","","test_two",""
"passed","Tue Apr 20 18:55:08 CST 2021","Tue Apr 20 18:55:08 CST 2021","0","","test_param_in-file_2","","","","test_add[int]",""
"passed","Tue Apr 20 18:55:08 CST 2021","Tue Apr 20 18:55:08 CST 2021","0","","test_three","TestCase","","","test_four",""
"passed","Tue Apr 20 18:55:07 CST 2021","Tue Apr 20 18:55:07 CST 2021","1","","test_fixture","Test_firstFile","","","test_three",""
"passed","Tue Apr 20 18:55:08 CST 2021","Tue Apr 20 18:55:08 CST 2021","1","","test_three","","","","test_one",""
"passed","Tue Apr 20 18:55:08 CST 2021","Tue Apr 20 18:55:08 CST 2021","0","","test_two","","","","test_add[minus]",""
"passed","Tue Apr 20 18:55:08 CST 2021","Tue Apr 20 18:55:08 CST 2021","1","","test_one","Test_Demo","","","test_demo",""
"passed","Tue Apr 20 18:55:08 CST 2021","Tue Apr 20 18:55:08 CST 2021","0","","test_setup_teardown","TestCase","","","test_three",""
"passed","Tue Apr 20 18:55:07 CST 2021","Tue Apr 20 18:55:07 CST 2021","0","","test_fixture","Test_firstFile","","","test_one",""
"passed","Tue Apr 20 18:55:08 CST 2021","Tue Apr 20 18:55:08 CST 2021","0","","test_three","","","","test_two",""
"passed","Tue Apr 20 18:55:07 CST 2021","Tue Apr 20 18:55:07 CST 2021","1","","test_mark","Test_Demo2","","","test_demo",""
"passed","Tue Apr 20 18:55:08 CST 2021","Tue Apr 20 18:55:08 CST 2021","0","","test_setup_teardown","TestCase","","","test_four",""
"passed","Tue Apr 20 18:55:08 CST 2021","Tue Apr 20 18:55:08 CST 2021","0","","test_setup_teardown","","","","test_two",""
"passed","Tue Apr 20 18:55:08 CST 2021","Tue Apr 20 18:55:08 CST 2021","0","","test_param_in-file_2","","","","test_add[bigint]",""
"broken","Tue Apr 20 18:55:07 CST 2021","Tue Apr 20 18:55:07 CST 2021","0","","test_fixture","Test_firstFile","","","test_two",""
"passed","Tue Apr 20 18:55:08 CST 2021","Tue Apr 20 18:55:08 CST 2021","0","","test_param_in-file_2","","","","test_add[minus]",""
"passed","Tue Apr 20 18:55:08 CST 2021","Tue Apr 20 18:55:08 CST 2021","0","","test_setup_teardown","","","","test_one",""
